{"cameraMode":{"drawMode":0,"name":"Shaded","section":"Shading Mode"},"sceneLighting":false,"audioPlay":false,"sceneViewState":{"m_AlwaysRefresh":false,"showFog":true,"showSkybox":false,"showFlares":true,"showImageEffects":true,"showParticleSystems":true,"showVisualEffectGraphs":true,"m_FxEnabled":true},"in2DMode":false,"pivot":{"x":0.06251907348632813,"y":4.623907089233398,"z":15.780706405639649},"rotation":{"x":0.16972070932388307,"y":0.514150857925415,"z":-0.10461293160915375,"w":0.8342494368553162},"size":21.527870178222658,"orthographic":false}