{"cameraMode":{"drawMode":0,"name":"Shaded","section":"Shading Mode"},"sceneLighting":true,"audioPlay":false,"sceneViewState":{"m_AlwaysRefresh":false,"showFog":true,"showSkybox":true,"showFlares":true,"showImageEffects":true,"showParticleSystems":true,"showVisualEffectGraphs":true,"m_FxEnabled":true},"in2DMode":false,"pivot":{"x":0.7006936073303223,"y":2.009084701538086,"z":10.384708404541016},"rotation":{"x":-0.12872283160686494,"y":-0.05887262523174286,"z":0.0076557039283216,"w":-0.9899078607559204},"size":17.889820098876954,"orthographic":false}